Model,Accuracy,Precision,Recall,F1-Score,ROC-AUC
Logistic Regression,0.98,0.9642857142857143,0.9642857142857143,0.9642857142857143,0.9990079365079365
Random Forest,0.98,0.9333333333333333,1.0,0.9655172413793104,0.9918154761904762
XGBoost,0.98,0.9333333333333333,1.0,0.9655172413793104,0.9893353174603174
